CREATE DATABASE IF NOT EXISTS healthcare_analytics;
USE healthcare_analytics;

CREATE TABLE Patients (
    patient_id INT PRIMARY KEY,
    patient_name VARCHAR(100),
    age INT,
    gender VARCHAR(10),
    city VARCHAR(50),
    disease VARCHAR(50),
    admission_date DATE
);


CREATE TABLE Doctors (
    doctor_id INT PRIMARY KEY,
    doctor_name VARCHAR(100),
    department VARCHAR(50),
    specialization VARCHAR(50),
    experience_years INT
);


CREATE TABLE Appointments (
    appointment_id INT PRIMARY KEY,
    patient_id INT,
    doctor_id INT,
    appointment_date DATE,
    consultation_fee DECIMAL(10,2),
    payment_method VARCHAR(20),
    treatment_cost DECIMAL(10,2),
    FOREIGN KEY (patient_id) REFERENCES Patients(patient_id),
    FOREIGN KEY (doctor_id) REFERENCES Doctors(doctor_id)
);

INSERT INTO Patients VALUES
(1, 'Steven Nolan', 59, 'Female', 'Lukeland', 'Fever', '2024-06-09'),
(2, 'Lisa Ramos', 35, 'Female', 'Lake Lisa', 'Fever', '2026-01-16'),
(3, 'Katherine Ward', 44, 'Female', 'Lake Ryan', 'Migraine', '2024-06-08'),
(4, 'Tiffany Smith', 11, 'Female', 'Michaelview', 'Migraine', '2025-03-19'),
(5, 'Daniel Patterson', 63, 'Male', 'Port Courtneybury', 'Diabetes', '2024-11-20'),
(6, 'Andrew Kirk', 59, 'Female', 'North Paulton', 'Migraine', '2025-12-21'),
(7, 'Samantha Hill', 56, 'Female', 'North Christopher', 'Fever', '2026-05-12'),
(8, 'Julia Caldwell', 32, 'Female', 'Johnsonton', 'Migraine', '2025-05-23'),
(9, 'Dorothy Clark', 41, 'Female', 'Mooreside', 'Diabetes', '2024-10-23'),
(10, 'Patricia Douglas', 43, 'Male', 'Kellyberg', 'Hypertension', '2026-05-12'),
(11, 'Shawn Perkins', 17, 'Male', 'Matthewsbury', 'Fever', '2025-11-16'),
(12, 'Angela Gardner', 73, 'Female', 'Lake Kimberlyview', 'Asthma', '2025-08-17'),
(13, 'Jennifer Jones', 27, 'Male', 'Nguyenhaven', 'Hypertension', '2025-11-02'),
(14, 'Breanna Castillo MD', 29, 'Female', 'Lake Justinmouth', 'Arthritis', '2024-11-22'),
(15, 'David Anderson', 17, 'Female', 'South Mitchellside', 'Fever', '2025-06-04'),
(16, 'Lisa Taylor', 67, 'Female', 'New Mariamouth', 'Fever', '2025-01-09'),
(17, 'Yolanda Morrison', 15, 'Male', 'Michaelchester', 'Fever', '2025-07-19'),
(18, 'Stephen Davis', 62, 'Female', 'Oconnellstad', 'Diabetes', '2024-07-21'),
(19, 'Anthony Taylor', 32, 'Male', 'Port Bonnie', 'Arthritis', '2026-04-16'),
(20, 'Derrick Campbell', 69, 'Female', 'West Andreabury', 'Diabetes', '2025-10-29'),
(21, 'Hannah Miller', 19, 'Female', 'Davisbury', 'Diabetes', '2025-06-28'),
(22, 'Barbara Foster', 76, 'Female', 'Carterhaven', 'Hypertension', '2025-01-15'),
(23, 'Brianna Flores', 55, 'Male', 'Port Josephton', 'Arthritis', '2024-07-25'),
(24, 'Sean Abbott', 34, 'Male', 'Sarastad', 'Arthritis', '2025-07-07'),
(25, 'Sierra Pierce', 31, 'Female', 'Elizabethmouth', 'Hypertension', '2025-09-29'),
(26, 'Laura Lane', 65, 'Female', 'South Austinport', 'Asthma', '2025-09-15'),
(27, 'Jessica Sweeney', 18, 'Male', 'Ballmouth', 'Asthma', '2025-01-16'),
(28, 'Melinda Robinson', 34, 'Female', 'Santiagoborough', 'Fever', '2024-07-20'),
(29, 'Jacob Brown', 47, 'Male', 'Perezmouth', 'Hypertension', '2025-09-12'),
(30, 'Bonnie Werner', 44, 'Male', 'Rodriguezton', 'Diabetes', '2025-10-26'),
(31, 'Randall Brandt', 39, 'Female', 'New Katieview', 'Arthritis', '2025-12-25'),
(32, 'Jennifer Collins', 29, 'Male', 'Port Sharon', 'Asthma', '2024-08-17'),
(33, 'George Peterson', 37, 'Male', 'Dustinmouth', 'Diabetes', '2024-12-27'),
(34, 'Natasha Griffin', 68, 'Male', 'New Kristina', 'Diabetes', '2024-08-14'),
(35, 'Olivia Harris', 32, 'Female', 'West Kellystad', 'Migraine', '2024-09-24'),
(36, 'Jason Hernandez', 12, 'Male', 'South Dana', 'Hypertension', '2025-05-03'),
(37, 'Chad Freeman', 43, 'Female', 'Danielview', 'Migraine', '2024-06-14'),
(38, 'Ross Wong', 67, 'Female', 'Taylorstad', 'Fever', '2024-09-08'),
(39, 'Christine Duncan', 54, 'Female', 'Port Tara', 'Fever', '2026-02-10'),
(40, 'Dennis Thomas', 34, 'Female', 'Quinnshire', 'Fever', '2026-03-27'),
(41, 'Jesse Robinson', 50, 'Female', 'Port Sarahside', 'Arthritis', '2024-10-23'),
(42, 'Courtney Shaw', 62, 'Male', 'Tanyahaven', 'Diabetes', '2025-06-15'),
(43, 'Joshua Miller', 56, 'Male', 'West Phillip', 'Asthma', '2024-08-14'),
(44, 'Terri Miller', 14, 'Male', 'South Rebecca', 'Diabetes', '2025-04-16'),
(45, 'Abigail Ward', 69, 'Female', 'Sheilashire', 'Asthma', '2025-06-03'),
(46, 'Barbara Key', 14, 'Female', 'East Linda', 'Migraine', '2025-02-19'),
(47, 'Matthew Munoz', 17, 'Female', 'Scottside', 'Arthritis', '2024-10-10'),
(48, 'Melissa Myers', 54, 'Male', 'North Heatherport', 'Asthma', '2025-08-24'),
(49, 'Nicholas Bennett', 48, 'Female', 'Richardmouth', 'Diabetes', '2025-12-28'),
(50, 'Catherine Thompson', 79, 'Male', 'New Edwinport', 'Arthritis', '2025-12-28'),
(51, 'Jade Carter', 46, 'Female', 'Diazmouth', 'Hypertension', '2025-01-20'),
(52, 'Ronald Davis', 57, 'Male', 'Port Danielle', 'Hypertension', '2025-02-17'),
(53, 'Stefanie Shaw', 76, 'Male', 'New Matthew', 'Migraine', '2025-04-04'),
(54, 'Peter Morgan', 44, 'Female', 'Lauraside', 'Migraine', '2025-09-14'),
(55, 'Danny Holmes', 79, 'Female', 'Cathyview', 'Fever', '2024-06-01'),
(56, 'Ronald Moore', 23, 'Female', 'Gonzalezborough', 'Hypertension', '2025-03-28'),
(57, 'Lauren Green', 28, 'Female', 'East Christina', 'Migraine', '2024-11-08'),
(58, 'Teresa Clark', 80, 'Female', 'New Christian', 'Fever', '2026-05-02'),
(59, 'James Sparks', 79, 'Female', 'Christinaborough', 'Hypertension', '2025-05-22'),
(60, 'Adam Kennedy', 24, 'Female', 'South Margaretchester', 'Asthma', '2026-03-09');
INSERT INTO Doctors VALUES
(1, 'Dr. Alex Arnold', 'Cardiology', 'Neurologist', 20),
(2, 'Dr. Jason Lee', 'General Medicine', 'Dermatologist', 21),
(3, 'Dr. Wendy Rivers', 'General Medicine', 'Pediatrician', 19),
(4, 'Dr. Lisa Hatfield', 'Neurology', 'Neurologist', 11),
(5, 'Dr. Renee Brown', 'Dermatology', 'Neurologist', 21),
(6, 'Dr. Ronald Stone', 'Orthopedics', 'Physician', 11),
(7, 'Dr. Randy Gibson', 'General Medicine', 'Physician', 18),
(8, 'Dr. Sarah Adams', 'Cardiology', 'Dermatologist', 3),
(9, 'Dr. Melanie Hernandez', 'Dermatology', 'Dermatologist', 4),
(10, 'Dr. Jason Stewart', 'Orthopedics', 'Neurologist', 23),
(11, 'Dr. Chelsea Graham', 'Dermatology', 'Cardiologist', 7),
(12, 'Dr. Nichole Silva', 'Orthopedics', 'Physician', 13),
(13, 'Dr. Jeffrey Lowe', 'General Medicine', 'Orthopedic', 11),
(14, 'Dr. Luke Stewart', 'Pediatrics', 'Pediatrician', 15),
(15, 'Dr. Joseph Johnson', 'Neurology', 'Cardiologist', 20);
INSERT INTO Appointments VALUES
(1, 7, 2, '2026-04-27', 577, 'Cash', 13301),
(2, 19, 7, '2025-02-03', 1060, 'UPI', 15906),
(3, 46, 5, '2025-03-20', 945, 'UPI', 2743),
(4, 33, 2, '2025-11-17', 670, 'Insurance', 23714),
(5, 46, 9, '2025-03-16', 646, 'UPI', 9445),
(6, 43, 5, '2024-06-04', 876, 'Card', 4713),
(7, 45, 9, '2024-11-25', 1236, 'UPI', 20013),
(8, 16, 13, '2025-05-08', 553, 'Cash', 8913),
(9, 10, 14, '2024-09-20', 1418, 'Insurance', 2955),
(10, 14, 13, '2026-03-08', 684, 'Insurance', 6171),
(11, 35, 2, '2026-02-26', 1247, 'Insurance', 10045),
(12, 42, 11, '2024-01-21', 1252, 'UPI', 13035),
(13, 22, 14, '2025-05-03', 408, 'Card', 23103),
(14, 26, 12, '2024-07-17', 394, 'Insurance', 5892),
(15, 11, 15, '2025-10-14', 903, 'Card', 7431),
(16, 18, 3, '2024-02-28', 1215, 'Card', 14229),
(17, 34, 11, '2025-05-25', 768, 'Cash', 17943),
(18, 11, 13, '2026-02-01', 1414, 'UPI', 4444),
(19, 13, 15, '2025-06-30', 765, 'Cash', 4806),
(20, 31, 15, '2024-03-10', 891, 'Cash', 14994),
(21, 20, 7, '2024-09-18', 424, 'Insurance', 13345),
(22, 48, 2, '2024-02-12', 704, 'Cash', 3045),
(23, 54, 4, '2025-01-20', 664, 'Cash', 17337),
(24, 8, 2, '2025-09-18', 1049, 'Insurance', 21820),
(25, 37, 3, '2025-04-14', 1005, 'UPI', 22387),
(26, 60, 8, '2025-07-11', 906, 'Insurance', 16487),
(27, 39, 7, '2025-06-07', 1408, 'Insurance', 5486),
(28, 3, 2, '2025-09-29', 901, 'Card', 9125),
(29, 28, 1, '2025-03-27', 1454, 'Card', 6292),
(30, 16, 6, '2024-07-22', 1211, 'UPI', 21513),
(31, 20, 5, '2025-06-05', 1119, 'UPI', 19699),
(32, 54, 6, '2024-05-31', 361, 'UPI', 11092),
(33, 33, 7, '2024-03-12', 940, 'Cash', 7875),
(34, 44, 5, '2025-10-06', 896, 'Insurance', 15154),
(35, 40, 15, '2025-12-30', 1485, 'Card', 12989),
(36, 19, 6, '2025-02-09', 387, 'UPI', 11344),
(37, 51, 10, '2024-02-24', 462, 'Cash', 9980),
(38, 47, 13, '2026-04-06', 1052, 'Insurance', 10615),
(39, 15, 14, '2026-01-26', 1315, 'UPI', 1166),
(40, 14, 5, '2024-07-27', 993, 'Card', 24222),
(41, 46, 2, '2025-11-26', 398, 'Cash', 21156),
(42, 31, 6, '2026-01-16', 1208, 'UPI', 17053),
(43, 15, 6, '2025-04-10', 303, 'Card', 21791),
(44, 53, 4, '2026-03-04', 930, 'Card', 1793),
(45, 7, 3, '2026-04-03', 594, 'Cash', 4882),
(46, 50, 13, '2024-04-24', 654, 'Insurance', 3829),
(47, 39, 5, '2024-06-29', 1093, 'Cash', 19972),
(48, 29, 4, '2026-01-13', 1335, 'Card', 13440),
(49, 29, 8, '2025-10-16', 412, 'Card', 24692),
(50, 2, 4, '2025-09-23', 631, 'UPI', 2620),
(51, 32, 12, '2025-10-05', 1058, 'Insurance', 23981),
(52, 19, 2, '2024-11-14', 977, 'Cash', 18810),
(53, 4, 13, '2024-05-02', 1299, 'UPI', 14145),
(54, 36, 7, '2024-03-08', 662, 'Cash', 10655),
(55, 47, 4, '2024-04-20', 348, 'UPI', 10006),
(56, 40, 2, '2025-06-13', 1491, 'Insurance', 22385),
(57, 27, 7, '2024-04-23', 1029, 'Insurance', 1374),
(58, 39, 4, '2024-08-08', 1436, 'Card', 17313),
(59, 56, 8, '2024-01-24', 567, 'Insurance', 13685),
(60, 35, 7, '2026-04-06', 507, 'Insurance', 21017),
(61, 16, 12, '2025-02-01', 351, 'Card', 14992),
(62, 22, 13, '2025-04-25', 525, 'UPI', 14157),
(63, 59, 9, '2025-12-04', 910, 'Cash', 8657),
(64, 8, 6, '2024-05-07', 740, 'Card', 22519),
(65, 25, 1, '2024-05-26', 729, 'UPI', 22635),
(66, 30, 8, '2024-03-17', 734, 'Insurance', 4107),
(67, 25, 4, '2026-01-24', 970, 'Card', 15895),
(68, 22, 9, '2024-04-18', 704, 'UPI', 10432),
(69, 52, 8, '2024-11-15', 1205, 'Card', 12086),
(70, 57, 5, '2025-07-26', 500, 'Insurance', 20786),
(71, 54, 10, '2025-02-11', 974, 'Cash', 12317),
(72, 44, 3, '2024-11-14', 798, 'Cash', 13480),
(73, 38, 6, '2025-05-05', 1316, 'Cash', 9034),
(74, 33, 13, '2025-03-18', 1097, 'Insurance', 5011),
(75, 60, 15, '2024-08-05', 1305, 'Insurance', 5674),
(76, 28, 3, '2024-12-26', 638, 'UPI', 13885),
(77, 49, 13, '2024-10-28', 797, 'Cash', 24705),
(78, 59, 3, '2025-09-02', 1499, 'Card', 19177),
(79, 32, 8, '2026-02-22', 1198, 'Cash', 21698),
(80, 19, 7, '2024-06-16', 599, 'Insurance', 17419),
(81, 24, 9, '2024-01-08', 1374, 'Cash', 18753),
(82, 17, 4, '2024-02-24', 1484, 'UPI', 7393),
(83, 54, 15, '2025-03-05', 742, 'Insurance', 22515),
(84, 52, 9, '2024-08-06', 461, 'Insurance', 5027),
(85, 40, 5, '2025-09-25', 1201, 'Card', 2719),
(86, 47, 10, '2024-07-24', 1293, 'Cash', 24526),
(87, 9, 6, '2024-07-12', 427, 'Insurance', 15738),
(88, 8, 11, '2025-08-16', 751, 'Cash', 10697),
(89, 28, 3, '2026-01-11', 1098, 'Cash', 10566),
(90, 8, 6, '2024-03-14', 1290, 'UPI', 16390),
(91, 22, 5, '2025-11-01', 1496, 'UPI', 7452),
(92, 30, 1, '2024-07-28', 594, 'Card', 22887),
(93, 23, 2, '2025-07-31', 955, 'UPI', 12982),
(94, 5, 13, '2024-03-25', 305, 'Insurance', 9410),
(95, 37, 1, '2025-06-16', 1032, 'Cash', 18499),
(96, 38, 9, '2024-06-11', 941, 'Insurance', 23851),
(97, 39, 4, '2024-04-21', 1404, 'UPI', 12535),
(98, 6, 13, '2024-08-25', 521, 'UPI', 3121),
(99, 44, 2, '2024-04-04', 744, 'UPI', 22781),
(100, 7, 4, '2025-07-04', 1299, 'UPI', 18247),
(101, 7, 8, '2024-02-07', 345, 'Cash', 6274),
(102, 17, 10, '2024-10-22', 810, 'UPI', 20939),
(103, 5, 12, '2024-05-11', 1122, 'Cash', 1409),
(104, 16, 13, '2026-02-02', 1102, 'Card', 23941),
(105, 12, 14, '2024-05-17', 1118, 'Insurance', 6960),
(106, 43, 15, '2025-11-12', 945, 'Insurance', 20298),
(107, 47, 15, '2024-03-05', 1428, 'Card', 11433),
(108, 17, 9, '2025-12-26', 1022, 'Cash', 9216),
(109, 3, 5, '2025-01-21', 1068, 'Card', 20872),
(110, 53, 1, '2025-08-06', 619, 'UPI', 4704),
(111, 38, 5, '2024-08-22', 386, 'UPI', 21417),
(112, 6, 2, '2024-11-19', 1269, 'Card', 18211),
(113, 23, 6, '2025-04-25', 932, 'UPI', 24987),
(114, 54, 1, '2025-10-14', 1012, 'Card', 11741),
(115, 32, 15, '2024-05-18', 866, 'Cash', 16718),
(116, 51, 4, '2025-05-16', 896, 'Insurance', 10712),
(117, 25, 7, '2025-08-03', 518, 'UPI', 13357),
(118, 37, 14, '2025-09-05', 1017, 'UPI', 10286),
(119, 2, 4, '2025-06-08', 1060, 'Cash', 12607),
(120, 21, 7, '2026-02-12', 1470, 'UPI', 17996),
(121, 41, 2, '2026-04-13', 493, 'Card', 10834),
(122, 40, 3, '2025-05-09', 1157, 'Cash', 4399),
(123, 50, 13, '2024-03-03', 1037, 'Card', 8981),
(124, 29, 13, '2026-01-11', 1295, 'Card', 20102),
(125, 60, 11, '2026-01-13', 700, 'Insurance', 24721),
(126, 22, 14, '2025-08-14', 1102, 'Cash', 10244),
(127, 18, 13, '2024-05-13', 498, 'Cash', 23480),
(128, 19, 12, '2025-11-21', 911, 'Cash', 2842),
(129, 55, 8, '2026-02-03', 442, 'Card', 5013),
(130, 14, 15, '2025-09-22', 1051, 'Card', 7673),
(131, 29, 3, '2024-04-03', 769, 'Card', 20079),
(132, 39, 5, '2024-10-21', 709, 'Cash', 16738),
(133, 31, 15, '2024-09-21', 346, 'Cash', 17939),
(134, 38, 4, '2024-06-15', 421, 'Cash', 11098),
(135, 25, 8, '2026-02-24', 786, 'Insurance', 10861),
(136, 30, 15, '2024-08-05', 1117, 'UPI', 22951),
(137, 7, 5, '2024-04-13', 725, 'UPI', 23072),
(138, 46, 14, '2026-01-06', 570, 'Cash', 17731),
(139, 3, 15, '2024-05-12', 784, 'UPI', 14286),
(140, 43, 2, '2024-10-17', 612, 'Insurance', 4705),
(141, 47, 10, '2026-03-22', 694, 'Insurance', 23232),
(142, 16, 7, '2025-12-28', 862, 'Insurance', 19267),
(143, 55, 9, '2025-09-04', 1225, 'Card', 3552),
(144, 53, 7, '2025-05-30', 953, 'UPI', 23107),
(145, 42, 3, '2024-03-07', 515, 'Insurance', 7480),
(146, 1, 11, '2024-02-07', 913, 'Card', 24635),
(147, 12, 15, '2026-02-02', 917, 'Insurance', 2737),
(148, 43, 8, '2024-07-28', 553, 'Card', 20128),
(149, 56, 6, '2026-03-15', 446, 'Card', 17829),
(150, 57, 15, '2025-12-16', 950, 'Insurance', 11369),
(151, 58, 3, '2024-09-30', 1205, 'Cash', 2315),
(152, 41, 11, '2025-11-15', 1117, 'Card', 13745),
(153, 46, 12, '2025-08-26', 1122, 'Card', 21024),
(154, 48, 7, '2025-08-08', 454, 'Card', 24316),
(155, 36, 2, '2025-07-28', 323, 'UPI', 2088),
(156, 37, 4, '2025-09-08', 520, 'Cash', 17980),
(157, 9, 6, '2024-07-09', 902, 'Cash', 2952),
(158, 10, 15, '2024-01-08', 1026, 'Cash', 8847),
(159, 48, 7, '2024-05-03', 605, 'Insurance', 21455),
(160, 32, 15, '2026-03-02', 1447, 'Cash', 20864),
(161, 50, 13, '2025-09-07', 1032, 'UPI', 19464),
(162, 13, 9, '2025-01-02', 970, 'Card', 18825),
(163, 33, 13, '2026-01-28', 1225, 'UPI', 23085),
(164, 2, 13, '2025-06-02', 1108, 'UPI', 24971),
(165, 51, 13, '2024-04-01', 1407, 'Insurance', 23566),
(166, 6, 6, '2025-06-11', 472, 'Cash', 21240),
(167, 16, 13, '2024-01-20', 336, 'Card', 5121),
(168, 56, 7, '2025-08-27', 858, 'UPI', 5452),
(169, 41, 15, '2026-03-06', 1233, 'Cash', 17506),
(170, 53, 5, '2026-01-09', 531, 'Card', 20833),
(171, 28, 8, '2026-03-16', 1427, 'UPI', 21083),
(172, 23, 9, '2024-05-16', 1332, 'UPI', 22822),
(173, 1, 11, '2024-06-08', 717, 'Insurance', 22355),
(174, 2, 12, '2024-07-20', 356, 'Card', 8316),
(175, 26, 12, '2025-10-05', 499, 'Insurance', 7162),
(176, 18, 5, '2024-06-08', 1218, 'Cash', 12217),
(177, 8, 4, '2025-09-21', 734, 'Insurance', 4055),
(178, 48, 1, '2024-07-09', 879, 'Cash', 9451),
(179, 4, 6, '2025-11-14', 674, 'Card', 14262),
(180, 29, 9, '2026-02-26', 1185, 'Cash', 12979),
(181, 8, 14, '2024-11-24', 1228, 'Cash', 20932),
(182, 43, 3, '2025-03-27', 646, 'Cash', 8815),
(183, 42, 3, '2026-04-06', 1045, 'Insurance', 18231),
(184, 5, 10, '2025-09-10', 743, 'Cash', 2229),
(185, 54, 13, '2025-04-20', 738, 'UPI', 7982),
(186, 56, 8, '2024-01-19', 560, 'Insurance', 6876),
(187, 49, 4, '2025-01-16', 1045, 'UPI', 11255),
(188, 9, 5, '2024-05-29', 726, 'Card', 17085),
(189, 29, 11, '2025-12-24', 687, 'Cash', 7892),
(190, 12, 14, '2024-10-06', 383, 'Insurance', 18397),
(191, 17, 13, '2024-12-05', 367, 'Card', 8801),
(192, 46, 5, '2025-05-17', 1007, 'Card', 14457),
(193, 2, 7, '2025-08-18', 1144, 'Insurance', 13279),
(194, 6, 3, '2024-08-26', 1421, 'Card', 14927),
(195, 40, 13, '2025-12-29', 1189, 'Insurance', 13611),
(196, 57, 11, '2025-08-27', 1025, 'Insurance', 24158),
(197, 13, 1, '2024-10-28', 535, 'Card', 23279),
(198, 1, 13, '2025-01-31', 495, 'Insurance', 4177),
(199, 40, 15, '2024-06-02', 1376, 'Card', 3599),
(200, 20, 13, '2025-04-12', 604, 'Insurance', 4406),
(201, 55, 8, '2025-01-12', 682, 'Cash', 17791),
(202, 5, 14, '2025-12-14', 349, 'Insurance', 23700),
(203, 31, 1, '2024-01-21', 1045, 'Cash', 3028),
(204, 30, 14, '2026-03-27', 486, 'UPI', 8411),
(205, 37, 11, '2025-11-13', 493, 'UPI', 20830),
(206, 40, 11, '2024-11-17', 1484, 'Insurance', 8109),
(207, 40, 10, '2025-08-31', 1160, 'Cash', 21154),
(208, 21, 9, '2025-08-13', 652, 'Card', 8206),
(209, 54, 4, '2024-05-29', 1436, 'Cash', 14637),
(210, 57, 5, '2024-12-15', 959, 'Cash', 8407),
(211, 14, 2, '2026-03-08', 1099, 'Insurance', 14072),
(212, 19, 13, '2024-12-21', 870, 'Insurance', 12415),
(213, 1, 4, '2025-04-23', 409, 'Cash', 3284),
(214, 51, 10, '2025-02-02', 1449, 'Cash', 6706),
(215, 32, 8, '2024-01-16', 1398, 'Cash', 7578),
(216, 47, 10, '2026-03-04', 1367, 'Card', 24140),
(217, 50, 6, '2025-07-24', 1014, 'UPI', 12525),
(218, 13, 7, '2026-02-07', 300, 'Cash', 21358),
(219, 15, 5, '2025-10-18', 872, 'Cash', 17617),
(220, 45, 14, '2025-03-02', 350, 'Insurance', 22401),
(221, 35, 8, '2024-04-29', 808, 'Card', 18043),
(222, 14, 4, '2025-01-01', 1199, 'Cash', 15182),
(223, 32, 2, '2026-03-18', 495, 'UPI', 10126),
(224, 35, 11, '2025-02-07', 946, 'Card', 24363),
(225, 46, 6, '2025-08-30', 754, 'Insurance', 2276),
(226, 47, 2, '2026-03-04', 878, 'Insurance', 17023),
(227, 41, 6, '2025-03-03', 1363, 'UPI', 5390),
(228, 31, 3, '2024-01-21', 1324, 'Insurance', 2880),
(229, 16, 13, '2024-07-27', 496, 'UPI', 18424),
(230, 24, 14, '2024-12-09', 1053, 'Card', 2644),
(231, 33, 6, '2024-06-29', 740, 'Cash', 9330),
(232, 15, 3, '2025-08-31', 1388, 'UPI', 5166),
(233, 33, 13, '2024-04-12', 772, 'Insurance', 11126),
(234, 18, 5, '2025-12-15', 1291, 'Card', 4306),
(235, 44, 9, '2024-05-23', 672, 'UPI', 15127),
(236, 20, 8, '2026-01-14', 1493, 'Card', 14790),
(237, 13, 12, '2025-01-01', 1457, 'Insurance', 9164),
(238, 11, 15, '2026-04-04', 1351, 'Cash', 8399),
(239, 38, 7, '2026-04-30', 739, 'UPI', 4538),
(240, 45, 11, '2024-07-26', 1083, 'Insurance', 13746),
(241, 59, 12, '2024-02-19', 413, 'Insurance', 14879),
(242, 21, 11, '2026-01-05', 667, 'Insurance', 23357),
(243, 29, 2, '2024-06-28', 1139, 'Insurance', 15366),
(244, 42, 15, '2024-03-05', 501, 'Insurance', 8447),
(245, 16, 4, '2024-11-07', 1356, 'Cash', 6389),
(246, 34, 14, '2024-05-28', 1326, 'Cash', 11182),
(247, 14, 10, '2025-01-17', 1149, 'Insurance', 8914),
(248, 38, 3, '2026-03-07', 810, 'Card', 10956),
(249, 31, 11, '2026-04-26', 903, 'Cash', 21358),
(250, 24, 10, '2024-08-24', 1181, 'Insurance', 13780),
(251, 9, 2, '2024-05-15', 445, 'Card', 19925),
(252, 26, 12, '2026-02-14', 1249, 'Card', 21167),
(253, 17, 5, '2024-03-29', 786, 'Insurance', 5826),
(254, 52, 14, '2025-09-19', 1118, 'Cash', 16121),
(255, 23, 4, '2024-10-27', 697, 'UPI', 20356),
(256, 28, 5, '2026-02-22', 956, 'Insurance', 17691),
(257, 25, 4, '2026-01-30', 1216, 'Card', 8337),
(258, 45, 7, '2025-05-14', 1445, 'Insurance', 8784),
(259, 20, 4, '2024-09-13', 1332, 'Card', 4087),
(260, 42, 2, '2026-04-04', 332, 'Cash', 5993),
(261, 12, 5, '2024-02-04', 1000, 'Card', 4101),
(262, 23, 15, '2025-08-28', 644, 'Card', 19411),
(263, 48, 8, '2025-03-06', 484, 'Insurance', 20280),
(264, 13, 10, '2025-04-24', 632, 'Insurance', 1152),
(265, 40, 2, '2024-03-11', 1257, 'Insurance', 1059),
(266, 47, 3, '2026-01-09', 1084, 'Cash', 24810),
(267, 15, 10, '2024-10-23', 641, 'Cash', 24162),
(268, 5, 10, '2025-03-30', 481, 'UPI', 14009),
(269, 40, 13, '2025-05-04', 908, 'UPI', 16407),
(270, 29, 4, '2025-12-31', 1124, 'Card', 5746),
(271, 43, 13, '2024-07-16', 1088, 'UPI', 5255),
(272, 20, 8, '2025-10-10', 972, 'UPI', 21232),
(273, 48, 11, '2026-01-27', 1043, 'Cash', 15707),
(274, 30, 5, '2024-09-29', 1015, 'Insurance', 4709),
(275, 47, 5, '2024-02-02', 768, 'Card', 12086),
(276, 12, 15, '2024-11-07', 719, 'Cash', 8289),
(277, 26, 13, '2024-12-03', 527, 'UPI', 24417),
(278, 16, 15, '2024-03-04', 1069, 'Insurance', 15800),
(279, 47, 5, '2025-11-26', 691, 'Cash', 6989),
(280, 50, 14, '2026-03-08', 706, 'Card', 14003),
(281, 21, 14, '2025-07-15', 1071, 'Insurance', 4510),
(282, 1, 10, '2025-10-27', 1335, 'Card', 8466),
(283, 7, 13, '2025-12-18', 1052, 'UPI', 10216),
(284, 33, 3, '2025-06-12', 1155, 'Card', 24352),
(285, 43, 2, '2024-06-22', 906, 'Cash', 1590),
(286, 48, 11, '2025-03-20', 936, 'Card', 13928),
(287, 49, 13, '2025-01-24', 1227, 'Cash', 2343),
(288, 51, 10, '2024-08-26', 814, 'Cash', 8161),
(289, 10, 8, '2024-02-14', 1408, 'Card', 7079),
(290, 29, 11, '2024-10-17', 1096, 'Insurance', 7632),
(291, 9, 8, '2025-12-05', 980, 'Card', 2325),
(292, 20, 5, '2024-12-29', 714, 'UPI', 20880),
(293, 44, 8, '2025-02-04', 580, 'UPI', 24097),
(294, 55, 2, '2024-11-12', 1354, 'Cash', 13246),
(295, 60, 1, '2025-06-11', 1356, 'Cash', 19401),
(296, 16, 14, '2025-02-10', 901, 'Insurance', 18933),
(297, 19, 7, '2025-05-07', 1289, 'Cash', 4980),
(298, 34, 15, '2024-06-28', 709, 'Insurance', 17616),
(299, 27, 5, '2025-12-10', 305, 'Insurance', 2249),
(300, 8, 11, '2025-01-03', 631, 'Card', 24355),
(301, 31, 15, '2024-09-03', 682, 'Insurance', 15674),
(302, 12, 11, '2025-02-01', 782, 'Card', 21075),
(303, 29, 9, '2024-09-11', 400, 'UPI', 15839),
(304, 21, 6, '2024-12-13', 560, 'Cash', 6726),
(305, 26, 6, '2024-02-27', 985, 'Cash', 9640),
(306, 8, 14, '2025-03-15', 927, 'UPI', 8705),
(307, 41, 7, '2024-02-10', 366, 'Cash', 24209),
(308, 13, 4, '2024-01-29', 1020, 'Cash', 4872),
(309, 10, 13, '2026-03-01', 467, 'Cash', 19925),
(310, 43, 1, '2024-01-11', 1221, 'Insurance', 1737),
(311, 56, 8, '2025-10-26', 480, 'Card', 13319),
(312, 53, 6, '2024-03-15', 407, 'UPI', 20848),
(313, 56, 4, '2024-03-12', 625, 'Cash', 13808),
(314, 43, 5, '2024-11-07', 337, 'Card', 14164),
(315, 5, 15, '2025-03-21', 1400, 'Insurance', 11035),
(316, 23, 1, '2025-04-22', 1361, 'Card', 18921),
(317, 53, 8, '2024-05-22', 427, 'UPI', 8917),
(318, 48, 10, '2026-04-28', 502, 'Card', 2652),
(319, 24, 1, '2024-06-07', 775, 'Insurance', 8104),
(320, 10, 3, '2024-09-01', 636, 'Insurance', 13525),
(321, 35, 15, '2025-11-28', 743, 'Card', 7457),
(322, 45, 7, '2026-03-24', 879, 'Cash', 13913),
(323, 46, 12, '2026-04-22', 934, 'Cash', 23412),
(324, 21, 1, '2026-01-19', 665, 'Cash', 8375),
(325, 41, 6, '2024-06-23', 1055, 'Insurance', 23496),
(326, 48, 11, '2025-08-25', 530, 'Cash', 12359),
(327, 33, 5, '2025-12-05', 1096, 'Card', 22990),
(328, 14, 3, '2025-06-26', 1036, 'UPI', 11993),
(329, 52, 5, '2026-01-02', 804, 'Cash', 17761),
(330, 1, 10, '2024-10-30', 728, 'UPI', 12987),
(331, 30, 11, '2026-04-05', 1433, 'Cash', 1345),
(332, 59, 7, '2025-01-22', 719, 'Cash', 1064),
(333, 43, 8, '2024-10-28', 1138, 'UPI', 17437),
(334, 5, 9, '2024-02-07', 1186, 'UPI', 20864),
(335, 58, 14, '2025-03-17', 1345, 'UPI', 21790),
(336, 41, 12, '2024-04-19', 329, 'Cash', 2600),
(337, 34, 5, '2025-04-10', 1369, 'UPI', 21482),
(338, 6, 10, '2025-02-21', 497, 'Cash', 1927),
(339, 8, 4, '2026-02-27', 1372, 'Insurance', 1922),
(340, 47, 14, '2025-01-31', 364, 'Insurance', 8272),
(341, 10, 5, '2025-03-15', 1249, 'Cash', 7376),
(342, 4, 6, '2025-12-15', 505, 'Card', 17967),
(343, 43, 11, '2025-11-21', 1144, 'Card', 4456),
(344, 20, 15, '2024-04-02', 1411, 'Insurance', 13271),
(345, 19, 14, '2025-12-21', 1454, 'Insurance', 22053),
(346, 13, 8, '2025-11-16', 933, 'Insurance', 15599),
(347, 52, 10, '2024-09-21', 757, 'Insurance', 8197),
(348, 39, 7, '2024-05-15', 887, 'Card', 19520),
(349, 25, 9, '2025-12-06', 1004, 'Insurance', 18352),
(350, 27, 2, '2024-07-22', 751, 'Cash', 11520),
(351, 46, 12, '2025-10-19', 1316, 'UPI', 9510),
(352, 22, 11, '2025-04-06', 862, 'Card', 7661),
(353, 1, 9, '2024-12-15', 1075, 'Cash', 18067),
(354, 54, 9, '2026-01-10', 747, 'Insurance', 4995),
(355, 57, 10, '2025-03-06', 1267, 'UPI', 7293),
(356, 36, 1, '2025-12-11', 1164, 'Cash', 13778),
(357, 28, 9, '2024-08-23', 672, 'Cash', 24120),
(358, 3, 9, '2025-10-28', 1487, 'Cash', 9366),
(359, 35, 5, '2024-03-20', 1466, 'Card', 1420),
(360, 11, 13, '2025-10-15', 1247, 'UPI', 1184),
(361, 1, 1, '2024-09-21', 708, 'Card', 2836),
(362, 8, 9, '2024-11-28', 332, 'Insurance', 2655),
(363, 31, 7, '2026-02-11', 1248, 'Card', 13253),
(364, 35, 14, '2025-01-27', 727, 'Insurance', 24475),
(365, 26, 14, '2025-01-04', 734, 'Card', 14163),
(366, 40, 13, '2026-03-09', 555, 'UPI', 5978),
(367, 43, 14, '2025-02-25', 1411, 'Card', 23202),
(368, 24, 12, '2025-09-28', 528, 'UPI', 23183),
(369, 21, 14, '2024-01-03', 1193, 'UPI', 20601),
(370, 32, 4, '2025-03-30', 817, 'Card', 4576),
(371, 19, 3, '2026-04-02', 1382, 'Card', 22687),
(372, 34, 14, '2025-10-24', 1358, 'Cash', 2974),
(373, 18, 6, '2024-03-19', 633, 'UPI', 9094),
(374, 60, 10, '2026-04-17', 593, 'UPI', 15812),
(375, 12, 10, '2025-06-10', 838, 'Card', 1665),
(376, 52, 15, '2025-05-21', 1385, 'Insurance', 22858),
(377, 8, 1, '2025-02-18', 775, 'Cash', 5568),
(378, 8, 11, '2025-04-19', 1228, 'UPI', 12597),
(379, 13, 9, '2024-02-12', 1333, 'Insurance', 4628),
(380, 11, 15, '2025-12-05', 848, 'Card', 11897),
(381, 43, 13, '2024-10-22', 932, 'UPI', 4014),
(382, 1, 1, '2026-02-17', 1383, 'UPI', 6032),
(383, 19, 14, '2025-07-23', 1127, 'Insurance', 2076),
(384, 36, 4, '2024-06-15', 574, 'UPI', 24931),
(385, 14, 12, '2025-01-31', 356, 'UPI', 20049),
(386, 36, 1, '2024-04-19', 854, 'Insurance', 13010),
(387, 36, 15, '2025-09-21', 328, 'Card', 19637),
(388, 49, 7, '2026-01-18', 624, 'Insurance', 3596),
(389, 28, 4, '2024-03-08', 1358, 'Card', 13284),
(390, 54, 13, '2025-03-22', 1429, 'Card', 22526),
(391, 41, 11, '2024-04-26', 737, 'UPI', 18413),
(392, 53, 13, '2024-03-31', 1030, 'Insurance', 15872),
(393, 56, 6, '2024-09-02', 705, 'Insurance', 3681),
(394, 46, 15, '2025-03-13', 965, 'Cash', 2182),
(395, 57, 3, '2024-04-13', 1254, 'Card', 14923),
(396, 47, 4, '2025-12-10', 1111, 'Insurance', 23409),
(397, 11, 3, '2026-01-31', 425, 'UPI', 21176),
(398, 47, 8, '2025-07-23', 913, 'Cash', 10742),
(399, 17, 6, '2024-06-25', 763, 'Insurance', 4121),
(400, 15, 11, '2026-02-05', 1456, 'UPI', 10637);